time	thread	event	node	message	data
21:49:14.017932	5237323	Start	Source	1	0
21:49:14.018543	5237323	Stop	Source	1	0
21:49:14.018561	5237323	Start	Calibration[C]	1	1
21:49:14.018589	5237326	Start	Histogramming	1	0
21:49:14.018597	5237325	Start	Generating	1	0
21:49:14.018608	5237328	Start	Source	2	0
21:49:14.018658	5237328	Stop	Source	2	0
21:49:14.018645	5237318	Start	Calibration[B]	1	13
21:49:14.018621	5237321	Start	Propagating	1	0
21:49:14.018726	5237328	Start	Source	3	0
21:49:14.018747	5237328	Stop	Source	3	0
21:49:14.018728	5237324	Start	Propagating	2	0
21:49:14.018757	5237328	Start	Source	4	0
21:49:14.018799	5237328	Stop	Source	4	0
21:49:14.018789	5237327	Start	Propagating	3	0
21:49:14.018829	5237320	Start	Propagating	4	0
21:49:14.018808	5237328	Start	Source	5	0
21:49:14.018910	5237328	Stop	Source	5	0
21:49:14.018919	5237328	Start	Source	6	0
21:49:14.018924	5237328	Stop	Source	6	0
21:49:14.018930	5237328	Start	Source	7	0
21:49:14.018934	5237328	Stop	Source	7	0
21:49:14.018941	5237328	Start	Source	8	0
21:49:14.018945	5237328	Stop	Source	8	0
21:49:14.018951	5237328	Start	Source	9	0
21:49:14.018956	5237328	Stop	Source	9	0
21:49:14.018973	5237328	Start	Source	10	0
21:49:14.018978	5237328	Stop	Source	10	0
21:49:14.018991	5237328	Start	Source	11	0
21:49:14.019000	5237328	Stop	Source	11	0
21:49:14.018979	5237322	Start	Propagating	9	0
21:49:14.019046	5237319	Start	Propagating	6	0
21:49:14.019006	5237328	Start	Source	12	0
21:49:14.019087	5237328	Stop	Source	12	0
21:49:14.019100	5237328	Start	Source	13	0
21:49:14.019106	5237328	Stop	Source	13	0
21:49:14.019111	5237328	Start	Source	14	0
21:49:14.019117	5237328	Stop	Source	14	0
21:49:14.019122	5237328	Start	Source	15	0
21:49:14.019126	5237328	Stop	Source	15	0
21:49:14.019130	5237328	Start	Source	16	0
21:49:14.019134	5237328	Stop	Source	16	0
21:49:14.019139	5237328	Start	Source	17	0
21:49:14.019142	5237328	Stop	Source	17	0
21:49:14.019148	5237328	Start	Source	18	0
21:49:14.019152	5237328	Stop	Source	18	0
21:49:14.019157	5237328	Start	Source	19	0
21:49:14.019161	5237328	Stop	Source	19	0
21:49:14.019165	5237328	Start	Source	20	0
21:49:14.019169	5237328	Stop	Source	20	0
21:49:14.019173	5237328	Start	Source	21	0
21:49:14.019177	5237328	Stop	Source	21	0
21:49:14.019181	5237328	Start	Source	22	0
21:49:14.019185	5237328	Stop	Source	22	0
21:49:14.019190	5237328	Start	Source	23	0
21:49:14.019193	5237328	Stop	Source	23	0
21:49:14.019197	5237328	Start	Source	24	0
21:49:14.019201	5237328	Stop	Source	24	0
21:49:14.019205	5237328	Start	Source	25	0
21:49:14.019209	5237328	Stop	Source	25	0
21:49:14.019213	5237328	Start	Source	26	0
21:49:14.019217	5237328	Stop	Source	26	0
21:49:14.019221	5237328	Start	Source	27	0
21:49:14.019225	5237328	Stop	Source	27	0
21:49:14.019229	5237328	Start	Source	28	0
21:49:14.019233	5237328	Stop	Source	28	0
21:49:14.019237	5237328	Start	Source	29	0
21:49:14.019241	5237328	Stop	Source	29	0
21:49:14.019245	5237328	Start	Source	30	0
21:49:14.019249	5237328	Stop	Source	30	0
21:49:14.019253	5237328	Start	Source	31	0
21:49:14.019257	5237328	Stop	Source	31	0
21:49:14.019261	5237328	Start	Source	32	0
21:49:14.019265	5237328	Stop	Source	32	0
21:49:14.019270	5237328	Start	Source	33	0
21:49:14.019273	5237328	Stop	Source	33	0
21:49:14.019278	5237328	Start	Source	34	0
21:49:14.019282	5237328	Stop	Source	34	0
21:49:14.019287	5237328	Start	Source	35	0
21:49:14.019291	5237328	Stop	Source	35	0
21:49:14.019295	5237328	Start	Source	36	0
21:49:14.019299	5237328	Stop	Source	36	0
21:49:14.019303	5237328	Start	Source	37	0
21:49:14.019307	5237328	Stop	Source	37	0
21:49:14.019311	5237328	Start	Source	38	0
21:49:14.019315	5237328	Stop	Source	38	0
21:49:14.019319	5237328	Start	Source	39	0
21:49:14.019323	5237328	Stop	Source	39	0
21:49:14.019327	5237328	Start	Source	40	0
21:49:14.019331	5237328	Stop	Source	40	0
21:49:14.019335	5237328	Start	Source	41	0
21:49:14.019339	5237328	Stop	Source	41	0
21:49:14.019343	5237328	Start	Source	42	0
21:49:14.019347	5237328	Stop	Source	42	0
21:49:14.019351	5237328	Start	Source	43	0
21:49:14.019355	5237328	Stop	Source	43	0
21:49:14.019359	5237328	Start	Source	44	0
21:49:14.019385	5237328	Stop	Source	44	0
21:49:14.019390	5237328	Start	Source	45	0
21:49:14.019394	5237328	Stop	Source	45	0
21:49:14.019398	5237328	Start	Source	46	0
21:49:14.019402	5237328	Stop	Source	46	0
21:49:14.019406	5237328	Start	Source	47	0
21:49:14.019410	5237328	Stop	Source	47	0
21:49:14.019414	5237328	Start	Source	48	0
21:49:14.019418	5237328	Stop	Source	48	0
21:49:14.019422	5237328	Start	Source	49	0
21:49:14.019426	5237328	Stop	Source	49	0
21:49:14.019430	5237328	Start	Source	50	0
21:49:14.019434	5237328	Stop	Source	50	0
21:49:14.019449	5237328	Start	Propagating	50	0
21:49:14.018980	5237312	Start	Propagating	5	0
21:49:14.028572	5237323	Stop	Calibration[C]	1	1
21:49:14.028609	5237325	Stop	Generating	1	0
21:49:14.028633	5237325	Start	Generating	2	0
21:49:14.028620	5237323	Start	Calibration[C]	2	1
21:49:14.028602	5237326	Stop	Histogramming	1	0
21:49:14.028707	5237318	Stop	Calibration[B]	1	13
21:49:14.028720	5237326	Start	Histogramming	2	0
21:49:14.028721	5237318	Start	Propagating	7	0
21:49:14.038645	5237325	Stop	Generating	2	0
21:49:14.038727	5237325	Start	Generating	3	0
21:49:14.038675	5237323	Stop	Calibration[C]	2	1
21:49:14.038761	5237326	Stop	Histogramming	2	0
21:49:14.038769	5237323	Start	Calibration[C]	3	13
21:49:14.038785	5237326	Start	Histogramming	3	0
21:49:14.048747	5237325	Stop	Generating	3	0
21:49:14.048761	5237325	Start	Generating	4	0
21:49:14.048805	5237323	Stop	Calibration[C]	3	13
21:49:14.050252	5237323	Start	Calibration[C]	4	1
21:49:14.048824	5237326	Stop	Histogramming	3	0
21:49:14.050295	5237326	Start	Histogramming	4	0
21:49:14.058765	5237325	Stop	Generating	4	0
21:49:14.058782	5237325	Start	Generating	5	0
21:49:14.060267	5237323	Stop	Calibration[C]	4	1
21:49:14.060282	5237323	Start	Calibration[C]	5	13
21:49:14.060301	5237326	Stop	Histogramming	4	0
21:49:14.060308	5237326	Start	Histogramming	5	0
21:49:14.068788	5237325	Stop	Generating	5	0
21:49:14.068797	5237325	Start	Generating	6	0
21:49:14.070287	5237323	Stop	Calibration[C]	5	13
21:49:14.070347	5237323	Start	Calibration[C]	6	1
21:49:14.070311	5237326	Stop	Histogramming	5	0
21:49:14.070417	5237326	Start	Histogramming	6	0
21:49:14.078800	5237325	Stop	Generating	6	0
21:49:14.078817	5237325	Start	Generating	7	0
21:49:14.080361	5237323	Stop	Calibration[C]	6	1
21:49:14.080396	5237323	Start	Calibration[C]	7	13
21:49:14.080427	5237326	Stop	Histogramming	6	0
21:49:14.080441	5237326	Start	Histogramming	7	0
21:49:14.088821	5237325	Stop	Generating	7	0
21:49:14.088832	5237325	Start	Generating	8	0
21:49:14.090403	5237323	Stop	Calibration[C]	7	13
21:49:14.090407	5237323	Start	Calibration[C]	8	1
21:49:14.090444	5237326	Stop	Histogramming	7	0
21:49:14.090458	5237326	Start	Histogramming	8	0
21:49:14.098836	5237325	Stop	Generating	8	0
21:49:14.098882	5237325	Start	Generating	9	0
21:49:14.100409	5237323	Stop	Calibration[C]	8	1
21:49:14.100428	5237323	Start	Calibration[C]	9	13
21:49:14.100461	5237326	Stop	Histogramming	8	0
21:49:14.100491	5237326	Start	Histogramming	9	0
21:49:14.108888	5237325	Stop	Generating	9	0
21:49:14.108902	5237325	Start	Generating	10	0
21:49:14.110431	5237323	Stop	Calibration[C]	9	13
21:49:14.110456	5237323	Start	Calibration[C]	10	1
21:49:14.110498	5237326	Stop	Histogramming	9	0
21:49:14.110519	5237326	Start	Histogramming	10	0
21:49:14.118904	5237325	Stop	Generating	10	0
21:49:14.118915	5237325	Start	Generating	11	0
21:49:14.120463	5237323	Stop	Calibration[C]	10	1
21:49:14.120493	5237323	Start	Calibration[C]	11	13
21:49:14.120527	5237326	Stop	Histogramming	10	0
21:49:14.120547	5237326	Start	Histogramming	11	0
21:49:14.128918	5237325	Stop	Generating	11	0
21:49:14.128949	5237325	Start	Generating	12	0
21:49:14.130499	5237323	Stop	Calibration[C]	11	13
21:49:14.130513	5237323	Start	Calibration[C]	12	1
21:49:14.130550	5237326	Stop	Histogramming	11	0
21:49:14.130565	5237326	Start	Histogramming	12	0
21:49:14.138955	5237325	Stop	Generating	12	0
21:49:14.138964	5237325	Start	Generating	13	0
21:49:14.140517	5237323	Stop	Calibration[C]	12	1
21:49:14.140568	5237326	Stop	Histogramming	12	0
21:49:14.140578	5237323	Start	Calibration[C]	13	13
21:49:14.140586	5237326	Start	Histogramming	13	0
21:49:14.148967	5237325	Stop	Generating	13	0
21:49:14.148983	5237325	Start	Generating	14	0
21:49:14.150633	5237323	Stop	Calibration[C]	13	13
21:49:14.150687	5237326	Stop	Histogramming	13	0
21:49:14.150725	5237326	Start	Histogramming	14	0
21:49:14.150692	5237323	Start	Calibration[C]	14	1
21:49:14.158985	5237325	Stop	Generating	14	0
21:49:14.158998	5237325	Start	Generating	15	0
21:49:14.160737	5237326	Stop	Histogramming	14	0
21:49:14.160746	5237326	Start	Histogramming	15	0
21:49:14.160799	5237323	Stop	Calibration[C]	14	1
21:49:14.160838	5237323	Start	Calibration[C]	15	13
21:49:14.168722	5237321	Stop	Propagating	1	0
21:49:14.168748	5237321	Start	Propagating	8	0
21:49:14.168783	5237324	Stop	Propagating	2	0
21:49:14.168832	5237327	Stop	Propagating	3	0
21:49:14.168881	5237327	Start	Propagating	10	0
21:49:14.168893	5237320	Stop	Propagating	4	0
21:49:14.168882	5237324	Start	Propagating	11	0
21:49:14.169001	5237325	Stop	Generating	15	0
21:49:14.169018	5237325	Start	Generating	16	0
21:49:14.169049	5237322	Stop	Propagating	9	0
21:49:14.168928	5237320	Start	Propagating	12	0
21:49:14.169102	5237322	Start	Propagating	13	0
21:49:14.169063	5237319	Stop	Propagating	6	0
21:49:14.169350	5237319	Start	Propagating	14	0
21:49:14.169453	5237328	Stop	Propagating	50	0
21:49:14.169467	5237328	Start	Propagating	49	0
21:49:14.170557	5237312	Stop	Propagating	5	0
21:49:14.170596	5237312	Start	Propagating	15	0
21:49:14.170748	5237326	Stop	Histogramming	15	0
21:49:14.170764	5237326	Start	Histogramming	16	0
21:49:14.170845	5237323	Stop	Calibration[C]	15	13
21:49:14.170860	5237323	Start	Calibration[C]	16	1
21:49:14.178776	5237318	Stop	Propagating	7	0
21:49:14.178786	5237318	Start	Propagating	16	0
21:49:14.179020	5237325	Stop	Generating	16	0
21:49:14.179027	5237325	Start	Generating	17	0
21:49:14.180769	5237326	Stop	Histogramming	16	0
21:49:14.180863	5237323	Stop	Calibration[C]	16	1
21:49:14.180864	5237326	Start	Histogramming	17	0
21:49:14.180905	5237323	Start	Calibration[A]	1	13
21:49:14.189676	5237325	Stop	Generating	17	0
21:49:14.189776	5237325	Start	Generating	18	0
21:49:14.190910	5237326	Stop	Histogramming	17	0
21:49:14.190923	5237323	Stop	Calibration[A]	1	13
21:49:14.190987	5237323	Start	Calibration[A]	2	1
21:49:14.191943	5237326	Start	Histogramming	18	0
21:49:14.199796	5237325	Stop	Generating	18	0
21:49:14.199813	5237325	Start	Generating	19	0
21:49:14.200995	5237323	Stop	Calibration[A]	2	1
21:49:14.201044	5237323	Start	Calibration[A]	3	13
21:49:14.201956	5237326	Stop	Histogramming	18	0
21:49:14.201981	5237326	Start	Histogramming	19	0
21:49:14.209816	5237325	Stop	Generating	19	0
21:49:14.209822	5237325	Start	Generating	20	0
21:49:14.211051	5237323	Stop	Calibration[A]	3	13
21:49:14.211056	5237323	Start	Calibration[A]	4	1
21:49:14.211987	5237326	Stop	Histogramming	19	0
21:49:14.212003	5237326	Start	Histogramming	20	0
21:49:14.219826	5237325	Stop	Generating	20	0
21:49:14.220173	5237325	Start	Generating	21	0
21:49:14.222006	5237326	Stop	Histogramming	20	0
21:49:14.222033	5237326	Start	Histogramming	21	0
21:49:14.223998	5237323	Stop	Calibration[A]	4	1
21:49:14.224022	5237323	Start	Calibration[A]	5	13
21:49:14.230192	5237325	Stop	Generating	21	0
21:49:14.230228	5237325	Start	Generating	22	0
21:49:14.232041	5237326	Stop	Histogramming	21	0
21:49:14.232053	5237326	Start	Histogramming	22	0
21:49:14.234028	5237323	Stop	Calibration[A]	5	13
21:49:14.234033	5237323	Start	Calibration[A]	6	1
21:49:14.240236	5237325	Stop	Generating	22	0
21:49:14.240246	5237325	Start	Generating	23	0
21:49:14.242055	5237326	Stop	Histogramming	22	0
21:49:14.242065	5237326	Start	Histogramming	23	0
21:49:14.244036	5237323	Stop	Calibration[A]	6	1
21:49:14.244072	5237323	Start	Calibration[A]	7	13
21:49:14.250248	5237325	Stop	Generating	23	0
21:49:14.250256	5237325	Start	Generating	24	0
21:49:14.252067	5237326	Stop	Histogramming	23	0
21:49:14.252078	5237326	Start	Histogramming	24	0
21:49:14.254078	5237323	Stop	Calibration[A]	7	13
21:49:14.254087	5237323	Start	Calibration[A]	8	1
21:49:14.260259	5237325	Stop	Generating	24	0
21:49:14.260295	5237325	Start	Generating	25	0
21:49:14.262080	5237326	Stop	Histogramming	24	0
21:49:14.262090	5237326	Start	Histogramming	25	0
21:49:14.264089	5237323	Stop	Calibration[A]	8	1
21:49:14.264099	5237323	Start	Calibration[A]	9	13
21:49:14.270321	5237325	Stop	Generating	25	0
21:49:14.270335	5237325	Start	Generating	26	0
21:49:14.272092	5237326	Stop	Histogramming	25	0
21:49:14.272097	5237326	Start	Histogramming	26	0
21:49:14.274101	5237323	Stop	Calibration[A]	9	13
21:49:14.274112	5237323	Start	Calibration[A]	10	1
21:49:14.280338	5237325	Stop	Generating	26	0
21:49:14.280344	5237325	Start	Generating	27	0
21:49:14.282103	5237326	Stop	Histogramming	26	0
21:49:14.282196	5237326	Start	Histogramming	27	0
21:49:14.284114	5237323	Stop	Calibration[A]	10	1
21:49:14.284131	5237323	Start	Calibration[A]	11	13
21:49:14.291450	5237325	Stop	Generating	27	0
21:49:14.291455	5237325	Start	Generating	28	0
21:49:14.292211	5237326	Stop	Histogramming	27	0
21:49:14.292250	5237326	Start	Histogramming	28	0
21:49:14.294134	5237323	Stop	Calibration[A]	11	13
21:49:14.294153	5237323	Start	Calibration[A]	12	1
21:49:14.301459	5237325	Stop	Generating	28	0
21:49:14.301491	5237325	Start	Generating	29	0
21:49:14.302256	5237326	Stop	Histogramming	28	0
21:49:14.302274	5237326	Start	Histogramming	29	0
21:49:14.304159	5237323	Stop	Calibration[A]	12	1
21:49:14.304166	5237323	Start	Calibration[A]	13	13
21:49:14.311499	5237325	Stop	Generating	29	0
21:49:14.311515	5237325	Start	Generating	30	0
21:49:14.312276	5237326	Stop	Histogramming	29	0
21:49:14.312291	5237326	Start	Histogramming	30	0
21:49:14.314168	5237323	Stop	Calibration[A]	13	13
21:49:14.314173	5237323	Start	Calibration[A]	14	1
21:49:14.318751	5237321	Stop	Propagating	8	0
21:49:14.318801	5237321	Start	Propagating	17	0
21:49:14.318891	5237327	Stop	Propagating	10	0
21:49:14.318907	5237327	Start	Propagating	18	0
21:49:14.318952	5237324	Stop	Propagating	11	0
21:49:14.318985	5237324	Start	Propagating	19	0
21:49:14.319102	5237320	Stop	Propagating	12	0
21:49:14.319110	5237322	Stop	Propagating	13	0
21:49:14.319133	5237320	Start	Propagating	20	0
21:49:14.319229	5237322	Start	Calibration[C]	17	13
21:49:14.319356	5237319	Stop	Propagating	14	0
21:49:14.319380	5237319	Start	Propagating	21	0
21:49:14.319469	5237328	Stop	Propagating	49	0
21:49:14.319492	5237328	Start	Propagating	48	0
21:49:14.320603	5237312	Stop	Propagating	15	0
21:49:14.320653	5237312	Start	Propagating	22	0
21:49:14.321517	5237325	Stop	Generating	30	0
21:49:14.321525	5237325	Start	Generating	31	0
21:49:14.322294	5237326	Stop	Histogramming	30	0
21:49:14.322329	5237326	Start	Histogramming	31	0
21:49:14.324175	5237323	Stop	Calibration[A]	14	1
21:49:14.324192	5237323	Start	Calibration[B]	2	1
21:49:14.328789	5237318	Stop	Propagating	16	0
21:49:14.328815	5237318	Start	Propagating	23	0
21:49:14.329237	5237322	Stop	Calibration[C]	17	13
21:49:14.329256	5237322	Start	Propagating	24	0
21:49:14.331527	5237325	Stop	Generating	31	0
21:49:14.331534	5237325	Start	Generating	32	0
21:49:14.332335	5237326	Stop	Histogramming	31	0
21:49:14.332352	5237326	Start	Histogramming	32	0
21:49:14.334195	5237323	Stop	Calibration[B]	2	1
21:49:14.334230	5237323	Start	Calibration[B]	3	13
21:49:14.341539	5237325	Stop	Generating	32	0
21:49:14.341606	5237325	Start	Generating	33	0
21:49:14.342354	5237326	Stop	Histogramming	32	0
21:49:14.342370	5237326	Start	Histogramming	33	0
21:49:14.344237	5237323	Stop	Calibration[B]	3	13
21:49:14.344251	5237323	Start	Calibration[B]	4	1
21:49:14.351619	5237325	Stop	Generating	33	0
21:49:14.351651	5237325	Start	Generating	34	0
21:49:14.352373	5237326	Stop	Histogramming	33	0
21:49:14.352389	5237326	Start	Histogramming	34	0
21:49:14.354254	5237323	Stop	Calibration[B]	4	1
21:49:14.354295	5237323	Start	Calibration[B]	5	13
21:49:14.361657	5237325	Stop	Generating	34	0
21:49:14.361672	5237325	Start	Generating	35	0
21:49:14.362391	5237326	Stop	Histogramming	34	0
21:49:14.362406	5237326	Start	Histogramming	35	0
21:49:14.364302	5237323	Stop	Calibration[B]	5	13
21:49:14.364306	5237323	Start	Calibration[B]	6	1
21:49:14.371675	5237325	Stop	Generating	35	0
21:49:14.371690	5237325	Start	Generating	36	0
21:49:14.372411	5237326	Stop	Histogramming	35	0
21:49:14.372507	5237326	Start	Histogramming	36	0
21:49:14.374538	5237323	Stop	Calibration[B]	6	1
21:49:14.375452	5237323	Start	Calibration[B]	7	13
21:49:14.381712	5237325	Stop	Generating	36	0
21:49:14.381725	5237325	Start	Generating	37	0
21:49:14.382521	5237326	Stop	Histogramming	36	0
21:49:14.382529	5237326	Start	Histogramming	37	0
21:49:14.385483	5237323	Stop	Calibration[B]	7	13
21:49:14.385510	5237323	Start	Calibration[B]	8	1
21:49:14.391728	5237325	Stop	Generating	37	0
21:49:14.391743	5237325	Start	Generating	38	0
21:49:14.392531	5237326	Stop	Histogramming	37	0
21:49:14.392546	5237326	Start	Histogramming	38	0
21:49:14.395515	5237323	Stop	Calibration[B]	8	1
21:49:14.395523	5237323	Start	Calibration[B]	9	13
21:49:14.401746	5237325	Stop	Generating	38	0
21:49:14.401761	5237325	Start	Generating	39	0
21:49:14.402550	5237326	Stop	Histogramming	38	0
21:49:14.402629	5237326	Start	Histogramming	39	0
21:49:14.405525	5237323	Stop	Calibration[B]	9	13
21:49:14.405535	5237323	Start	Calibration[B]	10	1
21:49:14.411763	5237325	Stop	Generating	39	0
21:49:14.411770	5237325	Start	Generating	40	0
21:49:14.412639	5237326	Stop	Histogramming	39	0
21:49:14.412653	5237326	Start	Histogramming	40	0
21:49:14.415811	5237323	Stop	Calibration[B]	10	1
21:49:14.415873	5237323	Start	Calibration[B]	11	13
21:49:14.421772	5237325	Stop	Generating	40	0
21:49:14.421784	5237325	Start	Generating	41	0
21:49:14.422660	5237326	Stop	Histogramming	40	0
21:49:14.422758	5237326	Start	Histogramming	41	0
21:49:14.425885	5237323	Stop	Calibration[B]	11	13
21:49:14.425942	5237323	Start	Calibration[B]	12	1
21:49:14.431786	5237325	Stop	Generating	41	0
21:49:14.431798	5237325	Start	Generating	42	0
21:49:14.432776	5237326	Stop	Histogramming	41	0
21:49:14.432793	5237326	Start	Histogramming	42	0
21:49:14.435951	5237323	Stop	Calibration[B]	12	1
21:49:14.435967	5237323	Start	Calibration[B]	13	13
21:49:14.441803	5237325	Stop	Generating	42	0
21:49:14.441891	5237325	Start	Generating	43	0
21:49:14.442796	5237326	Stop	Histogramming	42	0
21:49:14.442813	5237326	Start	Histogramming	43	0
21:49:14.445969	5237323	Stop	Calibration[B]	13	13
21:49:14.445976	5237323	Start	Calibration[B]	14	1
21:49:14.451905	5237325	Stop	Generating	43	0
21:49:14.451914	5237325	Start	Generating	44	0
21:49:14.452816	5237326	Stop	Histogramming	43	0
21:49:14.452820	5237326	Start	Histogramming	44	0
21:49:14.455982	5237323	Stop	Calibration[B]	14	1
21:49:14.456202	5237323	Start	Calibration[B]	15	13
21:49:14.461918	5237325	Stop	Generating	44	0
21:49:14.461931	5237325	Start	Generating	45	0
21:49:14.462823	5237326	Stop	Histogramming	44	0
21:49:14.462907	5237326	Start	Histogramming	45	0
21:49:14.466206	5237323	Stop	Calibration[B]	15	13
21:49:14.466218	5237323	Start	Calibration[B]	16	1
21:49:14.468811	5237321	Stop	Propagating	17	0
21:49:14.468821	5237321	Start	Propagating	25	0
21:49:14.468911	5237327	Stop	Propagating	18	0
21:49:14.468991	5237327	Start	Propagating	26	0
21:49:14.468993	5237324	Stop	Propagating	19	0
21:49:14.469048	5237324	Start	Propagating	27	0
21:49:14.469213	5237320	Stop	Propagating	20	0
21:49:14.469242	5237320	Start	Calibration[A]	15	13
21:49:14.469444	5237319	Stop	Propagating	21	0
21:49:14.469498	5237328	Stop	Propagating	48	0
21:49:14.469521	5237328	Start	Propagating	47	0
21:49:14.469507	5237319	Start	Propagating	28	0
21:49:14.470655	5237312	Stop	Propagating	22	0
21:49:14.470676	5237312	Start	Propagating	29	0
21:49:14.471934	5237325	Stop	Generating	45	0
21:49:14.471966	5237325	Start	Generating	46	0
21:49:14.472920	5237326	Stop	Histogramming	45	0
21:49:14.472937	5237326	Start	Histogramming	46	0
21:49:14.476220	5237323	Stop	Calibration[B]	16	1
21:49:14.476230	5237323	Start	Calibration[C]	18	1
21:49:14.478820	5237318	Stop	Propagating	23	0
21:49:14.478842	5237318	Start	Propagating	30	0
21:49:14.479247	5237320	Stop	Calibration[A]	15	13
21:49:14.479334	5237320	Start	Propagating	31	0
21:49:14.479259	5237322	Stop	Propagating	24	0
21:49:14.479397	5237322	Start	Calibration[B]	17	13
21:49:14.481973	5237325	Stop	Generating	46	0
21:49:14.481990	5237325	Start	Generating	47	0
21:49:14.482940	5237326	Stop	Histogramming	46	0
21:49:14.482956	5237326	Start	Histogramming	47	0
21:49:14.486232	5237323	Stop	Calibration[C]	18	1
21:49:14.486247	5237323	Start	Propagating	32	0
21:49:14.489416	5237322	Stop	Calibration[B]	17	13
21:49:14.489422	5237322	Start	Calibration[B]	18	1
21:49:14.492006	5237325	Stop	Generating	47	0
21:49:14.492021	5237325	Start	Generating	48	0
21:49:14.492958	5237326	Stop	Histogramming	47	0
21:49:14.492972	5237326	Start	Histogramming	48	0
21:49:14.499424	5237322	Stop	Calibration[B]	18	1
21:49:14.499430	5237322	Start	Calibration[A]	16	13
21:49:14.502024	5237325	Stop	Generating	48	0
21:49:14.502061	5237325	Start	Generating	49	0
21:49:14.502976	5237326	Stop	Histogramming	48	0
21:49:14.503078	5237326	Start	Histogramming	49	0
21:49:14.509432	5237322	Stop	Calibration[A]	16	13
21:49:14.509444	5237322	Start	Calibration[A]	17	1
21:49:14.512064	5237325	Stop	Generating	49	0
21:49:14.512079	5237325	Start	Generating	50	0
21:49:14.513094	5237326	Stop	Histogramming	49	0
21:49:14.513133	5237326	Start	Histogramming	50	0
21:49:14.519448	5237322	Stop	Calibration[A]	17	1
21:49:14.519480	5237322	Start	Calibration[A]	18	13
21:49:14.522082	5237325	Stop	Generating	50	0
21:49:14.522105	5237325	Start	Propagating	33	0
21:49:14.523141	5237326	Stop	Histogramming	50	0
21:49:14.523177	5237326	Start	Histo-generating	1	0
21:49:14.529487	5237322	Stop	Calibration[A]	18	13
21:49:14.529500	5237322	Start	Calibration[A]	19	1
21:49:14.533184	5237326	Stop	Histo-generating	1	0
21:49:14.533217	5237326	Start	Histo-generating	2	0
21:49:14.539502	5237322	Stop	Calibration[A]	19	1
21:49:14.539514	5237322	Start	Calibration[C]	19	13
21:49:14.543224	5237326	Stop	Histo-generating	2	0
21:49:14.543231	5237326	Start	Histo-generating	3	0
21:49:14.549519	5237322	Stop	Calibration[C]	19	13
21:49:14.549619	5237322	Start	Calibration[C]	20	1
21:49:14.553233	5237326	Stop	Histo-generating	3	0
21:49:14.553248	5237326	Start	Histo-generating	4	0
21:49:14.559632	5237322	Stop	Calibration[C]	20	1
21:49:14.559640	5237322	Start	Calibration[C]	21	13
21:49:14.563251	5237326	Stop	Histo-generating	4	0
21:49:14.563321	5237326	Start	Histo-generating	5	0
21:49:14.569642	5237322	Stop	Calibration[C]	21	13
21:49:14.569654	5237322	Start	Calibration[C]	22	1
21:49:14.573329	5237326	Stop	Histo-generating	5	0
21:49:14.573337	5237326	Start	Histo-generating	6	0
21:49:14.579658	5237322	Stop	Calibration[C]	22	1
21:49:14.579730	5237322	Start	Calibration[C]	23	13
21:49:14.583340	5237326	Stop	Histo-generating	6	0
21:49:14.583349	5237326	Start	Histo-generating	7	0
21:49:14.589742	5237322	Stop	Calibration[C]	23	13
21:49:14.589755	5237322	Start	Calibration[C]	24	1
21:49:14.593352	5237326	Stop	Histo-generating	7	0
21:49:14.593365	5237326	Start	Histo-generating	8	0
21:49:14.599760	5237322	Stop	Calibration[C]	24	1
21:49:14.599862	5237322	Start	Calibration[C]	25	13
21:49:14.603368	5237326	Stop	Histo-generating	8	0
21:49:14.603411	5237326	Start	Histo-generating	9	0
21:49:14.609873	5237322	Stop	Calibration[C]	25	13
21:49:14.609885	5237322	Start	Calibration[C]	26	1
21:49:14.613419	5237326	Stop	Histo-generating	9	0
21:49:14.613427	5237326	Start	Histo-generating	10	0
21:49:14.618823	5237321	Stop	Propagating	25	0
21:49:14.618844	5237321	Start	Propagating	34	0
21:49:14.619057	5237324	Stop	Propagating	27	0
21:49:14.619108	5237324	Start	Calibration[A]	20	13
21:49:14.619255	5237327	Stop	Propagating	26	0
21:49:14.619276	5237327	Start	Propagating	35	0
21:49:14.619524	5237328	Stop	Propagating	47	0
21:49:14.619547	5237328	Start	Propagating	46	0
21:49:14.619558	5237319	Stop	Propagating	28	0
21:49:14.619590	5237319	Start	Propagating	36	0
21:49:14.619886	5237322	Stop	Calibration[C]	26	1
21:49:14.619893	5237322	Start	Calibration[B]	19	1
21:49:14.620681	5237312	Stop	Propagating	29	0
21:49:14.620711	5237312	Start	Propagating	37	0
21:49:14.623429	5237326	Stop	Histo-generating	10	0
21:49:14.623441	5237326	Start	Histo-generating	11	0
21:49:14.628844	5237318	Stop	Propagating	30	0
21:49:14.628851	5237318	Start	Propagating	38	0
21:49:14.629116	5237324	Stop	Calibration[A]	20	13
21:49:14.629126	5237324	Start	Calibration[C]	27	13
21:49:14.629870	5237320	Stop	Propagating	31	0
21:49:14.629895	5237322	Stop	Calibration[B]	19	1
21:49:14.630028	5237320	Start	Propagating	39	0
21:49:14.630035	5237322	Start	Calibration[A]	21	1
21:49:14.633444	5237326	Stop	Histo-generating	11	0
21:49:14.633474	5237326	Start	Histo-generating	12	0
21:49:14.636249	5237323	Stop	Propagating	32	0
21:49:14.636268	5237323	Start	Propagating	40	0
21:49:14.639139	5237324	Stop	Calibration[C]	27	13
21:49:14.639156	5237324	Start	Propagating	41	0
21:49:14.640065	5237322	Stop	Calibration[A]	21	1
21:49:14.640071	5237322	Start	Calibration[A]	22	13
21:49:14.643482	5237326	Stop	Histo-generating	12	0
21:49:14.643515	5237326	Start	Histo-generating	13	0
21:49:14.650074	5237322	Stop	Calibration[A]	22	13
21:49:14.650083	5237322	Start	Calibration[A]	23	1
21:49:14.653521	5237326	Stop	Histo-generating	13	0
21:49:14.653528	5237326	Start	Histo-generating	14	0
21:49:14.660085	5237322	Stop	Calibration[A]	23	1
21:49:14.660090	5237322	Start	Calibration[A]	24	13
21:49:14.663530	5237326	Stop	Histo-generating	14	0
21:49:14.663534	5237326	Start	Histo-generating	15	0
21:49:14.670093	5237322	Stop	Calibration[A]	24	13
21:49:14.670107	5237322	Start	Calibration[A]	25	1
21:49:14.672109	5237325	Stop	Propagating	33	0
21:49:14.672191	5237325	Start	Propagating	42	0
21:49:14.673537	5237326	Stop	Histo-generating	15	0
21:49:14.673570	5237326	Start	Histo-generating	16	0
21:49:14.680109	5237322	Stop	Calibration[A]	25	1
21:49:14.680124	5237322	Start	Calibration[A]	26	13
21:49:14.683577	5237326	Stop	Histo-generating	16	0
21:49:14.683592	5237326	Start	Histo-generating	17	0
21:49:14.690130	5237322	Stop	Calibration[A]	26	13
21:49:14.690221	5237322	Start	Calibration[A]	27	1
21:49:14.693595	5237326	Stop	Histo-generating	17	0
21:49:14.693609	5237326	Start	Histo-generating	18	0
21:49:14.700234	5237322	Stop	Calibration[A]	27	1
21:49:14.700250	5237322	Start	Calibration[A]	28	13
21:49:14.703611	5237326	Stop	Histo-generating	18	0
21:49:14.703625	5237326	Start	Histo-generating	19	0
21:49:14.710254	5237322	Stop	Calibration[A]	28	13
21:49:14.710266	5237322	Start	Calibration[A]	29	1
21:49:14.713630	5237326	Stop	Histo-generating	19	0
21:49:14.713734	5237326	Start	Histo-generating	20	0
21:49:14.720268	5237322	Stop	Calibration[A]	29	1
21:49:14.720279	5237322	Start	Calibration[A]	30	13
21:49:14.723747	5237326	Stop	Histo-generating	20	0
21:49:14.723762	5237326	Start	Histo-generating	21	0
21:49:14.730281	5237322	Stop	Calibration[A]	30	13
21:49:14.730293	5237322	Start	Calibration[A]	31	1
21:49:14.733764	5237326	Stop	Histo-generating	21	0
21:49:14.733777	5237326	Start	Histo-generating	22	0
21:49:14.740295	5237322	Stop	Calibration[A]	31	1
21:49:14.740309	5237322	Start	Calibration[A]	32	13
21:49:14.743781	5237326	Stop	Histo-generating	22	0
21:49:14.743840	5237326	Start	Histo-generating	23	0
21:49:14.750311	5237322	Stop	Calibration[A]	32	13
21:49:14.750320	5237322	Start	Calibration[A]	33	1
21:49:14.753849	5237326	Stop	Histo-generating	23	0
21:49:14.753865	5237326	Start	Histo-generating	24	0
21:49:14.760322	5237322	Stop	Calibration[A]	33	1
21:49:14.760335	5237322	Start	Calibration[A]	34	13
21:49:14.763867	5237326	Stop	Histo-generating	24	0
21:49:14.763880	5237326	Start	Histo-generating	25	0
21:49:14.768845	5237321	Stop	Propagating	34	0
21:49:14.768859	5237321	Start	Propagating	43	0
21:49:14.769277	5237327	Stop	Propagating	35	0
21:49:14.769318	5237327	Start	Propagating	44	0
21:49:14.769551	5237328	Stop	Propagating	46	0
21:49:14.769565	5237328	Start	Propagating	45	0
21:49:14.769591	5237319	Stop	Propagating	36	0
21:49:14.770339	5237322	Stop	Calibration[A]	34	13
21:49:14.770400	5237322	Start	Calibration[A]	35	1
21:49:14.770469	5237319	Start	Calibration[C]	28	13
21:49:14.770719	5237312	Stop	Propagating	37	0
21:49:14.773882	5237326	Stop	Histo-generating	25	0
21:49:14.773902	5237326	Start	Histo-generating	26	0
21:49:14.778852	5237318	Stop	Propagating	38	0
21:49:14.780048	5237320	Stop	Propagating	39	0
21:49:14.780483	5237319	Stop	Calibration[C]	28	13
21:49:14.780498	5237319	Start	Calibration[B]	20	13
21:49:14.780758	5237322	Stop	Calibration[A]	35	1
21:49:14.780847	5237312	Start	Calibration[A]	36	1
21:49:14.783905	5237326	Stop	Histo-generating	26	0
21:49:14.783927	5237326	Start	Histo-generating	27	0
21:49:14.786270	5237323	Stop	Propagating	40	0
21:49:14.789158	5237324	Stop	Propagating	41	0
21:49:14.790500	5237319	Stop	Calibration[B]	20	13
21:49:14.790516	5237319	Start	Calibration[C]	29	13
21:49:14.790859	5237312	Stop	Calibration[A]	36	1
21:49:14.790875	5237312	Start	Calibration[B]	21	1
21:49:14.793933	5237326	Stop	Histo-generating	27	0
21:49:14.793952	5237326	Start	Histo-generating	28	0
21:49:14.800519	5237319	Stop	Calibration[C]	29	13
21:49:14.800540	5237319	Start	Calibration[A]	37	13
21:49:14.800877	5237312	Stop	Calibration[B]	21	1
21:49:14.800895	5237312	Start	Calibration[C]	30	1
21:49:14.803954	5237326	Stop	Histo-generating	28	0
21:49:14.803976	5237326	Start	Histo-generating	29	0
21:49:14.810542	5237319	Stop	Calibration[A]	37	13
21:49:14.810564	5237319	Start	Calibration[A]	38	13
21:49:14.810898	5237312	Stop	Calibration[C]	30	1
21:49:14.810915	5237312	Start	Calibration[B]	22	1
21:49:14.813979	5237326	Stop	Histo-generating	29	0
21:49:14.813998	5237326	Start	Histo-generating	30	0
21:49:14.820570	5237319	Stop	Calibration[A]	38	13
21:49:14.820581	5237319	Start	Calibration[C]	31	13
21:49:14.820917	5237312	Stop	Calibration[B]	22	1
21:49:14.820933	5237312	Start	Calibration[A]	39	1
21:49:14.822201	5237325	Stop	Propagating	42	0
21:49:14.824000	5237326	Stop	Histo-generating	30	0
21:49:14.824015	5237326	Start	Histo-generating	31	0
21:49:14.830587	5237319	Stop	Calibration[C]	31	13
21:49:14.830601	5237319	Start	Calibration[B]	23	13
21:49:14.830936	5237312	Stop	Calibration[A]	39	1
21:49:14.830964	5237312	Start	Calibration[C]	32	1
21:49:14.834017	5237326	Stop	Histo-generating	31	0
21:49:14.834036	5237326	Start	Histo-generating	32	0
21:49:14.840604	5237319	Stop	Calibration[B]	23	13
21:49:14.840620	5237319	Start	Calibration[A]	40	13
21:49:14.840967	5237312	Stop	Calibration[C]	32	1
21:49:14.840976	5237312	Start	Calibration[B]	24	1
21:49:14.844039	5237326	Stop	Histo-generating	32	0
21:49:14.844056	5237326	Start	Histo-generating	33	0
21:49:14.850622	5237319	Stop	Calibration[A]	40	13
21:49:14.850641	5237319	Start	Calibration[C]	33	13
21:49:14.850979	5237312	Stop	Calibration[B]	24	1
21:49:14.851002	5237312	Start	Calibration[A]	41	1
21:49:14.854058	5237326	Stop	Histo-generating	33	0
21:49:14.854076	5237326	Start	Histo-generating	34	0
21:49:14.860644	5237319	Stop	Calibration[C]	33	13
21:49:14.860662	5237319	Start	Calibration[B]	25	13
21:49:14.861005	5237312	Stop	Calibration[A]	41	1
21:49:14.861027	5237312	Start	Calibration[C]	34	1
21:49:14.864078	5237326	Stop	Histo-generating	34	0
21:49:14.864098	5237326	Start	Histo-generating	35	0
21:49:14.870665	5237319	Stop	Calibration[B]	25	13
21:49:14.870684	5237319	Start	Calibration[A]	42	13
21:49:14.871029	5237312	Stop	Calibration[C]	34	1
21:49:14.871048	5237312	Start	Calibration[B]	26	1
21:49:14.874104	5237326	Stop	Histo-generating	35	0
21:49:14.874125	5237326	Start	Histo-generating	36	0
21:49:14.880688	5237319	Stop	Calibration[A]	42	13
21:49:14.880713	5237319	Start	Calibration[C]	35	13
21:49:14.881050	5237312	Stop	Calibration[B]	26	1
21:49:14.881059	5237312	Start	Calibration[A]	43	1
21:49:14.884129	5237326	Stop	Histo-generating	36	0
21:49:14.884145	5237326	Start	Histo-generating	37	0
21:49:14.890716	5237319	Stop	Calibration[C]	35	13
21:49:14.890730	5237319	Start	Calibration[B]	27	13
21:49:14.891061	5237312	Stop	Calibration[A]	43	1
21:49:14.891070	5237312	Start	Calibration[C]	36	1
21:49:14.894148	5237326	Stop	Histo-generating	37	0
21:49:14.894163	5237326	Start	Histo-generating	38	0
21:49:14.900732	5237319	Stop	Calibration[B]	27	13
21:49:14.900752	5237319	Start	Calibration[A]	44	13
21:49:14.901072	5237312	Stop	Calibration[C]	36	1
21:49:14.901088	5237312	Start	Calibration[B]	28	1
21:49:14.904168	5237326	Stop	Histo-generating	38	0
21:49:14.904179	5237326	Start	Histo-generating	39	0
21:49:14.910754	5237319	Stop	Calibration[A]	44	13
21:49:14.910775	5237319	Start	Calibration[C]	37	13
21:49:14.911090	5237312	Stop	Calibration[B]	28	1
21:49:14.911118	5237312	Start	Calibration[A]	45	1
21:49:14.914181	5237326	Stop	Histo-generating	39	0
21:49:14.914196	5237326	Start	Histo-generating	40	0
21:49:14.918862	5237321	Stop	Propagating	43	0
21:49:14.919320	5237327	Stop	Propagating	44	0
21:49:14.919567	5237328	Stop	Propagating	45	0
21:49:14.920777	5237319	Stop	Calibration[C]	37	13
21:49:14.920790	5237319	Start	Calibration[B]	29	13
21:49:14.921121	5237312	Stop	Calibration[A]	45	1
21:49:14.921144	5237312	Start	Calibration[C]	38	1
21:49:14.924199	5237326	Stop	Histo-generating	40	0
21:49:14.924215	5237326	Start	Histo-generating	41	0
21:49:14.930792	5237319	Stop	Calibration[B]	29	13
21:49:14.930810	5237319	Start	Calibration[A]	46	13
21:49:14.931146	5237312	Stop	Calibration[C]	38	1
21:49:14.931162	5237312	Start	Calibration[B]	30	1
21:49:14.934217	5237326	Stop	Histo-generating	41	0
21:49:14.934234	5237326	Start	Histo-generating	42	0
21:49:14.940812	5237319	Stop	Calibration[A]	46	13
21:49:14.940829	5237319	Start	Calibration[C]	39	13
21:49:14.941164	5237312	Stop	Calibration[B]	30	1
21:49:14.941178	5237312	Start	Calibration[A]	47	1
21:49:14.944236	5237326	Stop	Histo-generating	42	0
21:49:14.944244	5237326	Start	Histo-generating	43	0
21:49:14.950831	5237319	Stop	Calibration[C]	39	13
21:49:14.950841	5237319	Start	Calibration[B]	31	13
21:49:14.951180	5237312	Stop	Calibration[A]	47	1
21:49:14.951191	5237312	Start	Calibration[C]	40	1
21:49:14.954246	5237326	Stop	Histo-generating	43	0
21:49:14.954255	5237326	Start	Histo-generating	44	0
21:49:14.960844	5237319	Stop	Calibration[B]	31	13
21:49:14.960856	5237319	Start	Calibration[A]	48	13
21:49:14.961194	5237312	Stop	Calibration[C]	40	1
21:49:14.961210	5237312	Start	Calibration[B]	32	1
21:49:14.964257	5237326	Stop	Histo-generating	44	0
21:49:14.964269	5237326	Start	Histo-generating	45	0
21:49:14.970858	5237319	Stop	Calibration[A]	48	13
21:49:14.970871	5237319	Start	Calibration[C]	41	13
21:49:14.971216	5237312	Stop	Calibration[B]	32	1
21:49:14.971228	5237312	Start	Calibration[A]	49	1
21:49:14.974272	5237326	Stop	Histo-generating	45	0
21:49:14.974288	5237326	Start	Histo-generating	46	0
21:49:14.980873	5237319	Stop	Calibration[C]	41	13
21:49:14.980889	5237319	Start	Calibration[B]	33	13
21:49:14.981231	5237312	Stop	Calibration[A]	49	1
21:49:14.981243	5237312	Start	Calibration[C]	42	1
21:49:14.984290	5237326	Stop	Histo-generating	46	0
21:49:14.984305	5237326	Start	Histo-generating	47	0
21:49:14.990891	5237319	Stop	Calibration[B]	33	13
21:49:14.990906	5237319	Start	Calibration[A]	50	13
21:49:14.991245	5237312	Stop	Calibration[C]	42	1
21:49:14.991257	5237312	Start	Calibration[B]	34	1
21:49:14.994307	5237326	Stop	Histo-generating	47	0
21:49:14.994323	5237326	Start	Histo-generating	48	0
21:49:15.000908	5237319	Stop	Calibration[A]	50	13
21:49:15.000925	5237319	Start	Calibration[C]	43	13
21:49:15.001259	5237312	Stop	Calibration[B]	34	1
21:49:15.001271	5237312	Start	Calibration[B]	35	1
21:49:15.004325	5237326	Stop	Histo-generating	48	0
21:49:15.004333	5237326	Start	Histo-generating	49	0
21:49:15.010928	5237319	Stop	Calibration[C]	43	13
21:49:15.010938	5237319	Start	Calibration[C]	44	13
21:49:15.011274	5237312	Stop	Calibration[B]	35	1
21:49:15.011290	5237312	Start	Calibration[B]	36	1
21:49:15.014336	5237326	Stop	Histo-generating	49	0
21:49:15.014354	5237326	Start	Histo-generating	50	0
21:49:15.020940	5237319	Stop	Calibration[C]	44	13
21:49:15.020953	5237319	Start	Calibration[C]	45	13
21:49:15.021292	5237312	Stop	Calibration[B]	36	1
21:49:15.021301	5237312	Start	Calibration[B]	37	1
21:49:15.024356	5237326	Stop	Histo-generating	50	0
21:49:15.030955	5237319	Stop	Calibration[C]	45	13
21:49:15.030965	5237319	Start	Calibration[C]	46	13
21:49:15.031310	5237312	Stop	Calibration[B]	37	1
21:49:15.031318	5237312	Start	Calibration[B]	38	1
21:49:15.040967	5237319	Stop	Calibration[C]	46	13
21:49:15.040978	5237319	Start	Calibration[C]	47	13
21:49:15.041320	5237312	Stop	Calibration[B]	38	1
21:49:15.050980	5237319	Stop	Calibration[C]	47	13
21:49:15.050990	5237319	Start	Calibration[C]	48	1
21:49:15.060992	5237319	Stop	Calibration[C]	48	1
21:49:15.061003	5237319	Start	Calibration[C]	49	13
21:49:15.061014	5237312	Start	Calibration[B]	39	1
21:49:15.071018	5237319	Stop	Calibration[C]	49	13
21:49:15.071031	5237319	Start	Calibration[C]	50	13
21:49:15.071060	5237312	Stop	Calibration[B]	39	1
21:49:15.071066	5237312	Start	Calibration[B]	40	1
21:49:15.081033	5237319	Stop	Calibration[C]	50	13
21:49:15.081069	5237312	Stop	Calibration[B]	40	1
21:49:15.081072	5237312	Start	Calibration[B]	41	13
21:49:15.091074	5237312	Stop	Calibration[B]	41	13
21:49:15.091087	5237312	Start	Calibration[B]	42	1
21:49:15.101089	5237312	Stop	Calibration[B]	42	1
21:49:15.101101	5237312	Start	Calibration[B]	43	13
21:49:15.111106	5237312	Stop	Calibration[B]	43	13
21:49:15.111125	5237312	Start	Calibration[B]	44	1
21:49:15.121127	5237312	Stop	Calibration[B]	44	1
21:49:15.121142	5237312	Start	Calibration[B]	45	13
21:49:15.131144	5237312	Stop	Calibration[B]	45	13
21:49:15.131162	5237312	Start	Calibration[B]	46	1
21:49:15.141164	5237312	Stop	Calibration[B]	46	1
21:49:15.141184	5237312	Start	Calibration[B]	47	13
21:49:15.151193	5237312	Stop	Calibration[B]	47	13
21:49:15.151203	5237312	Start	Calibration[B]	48	1
21:49:15.161205	5237312	Stop	Calibration[B]	48	1
21:49:15.161211	5237312	Start	Calibration[B]	49	13
21:49:15.171213	5237312	Stop	Calibration[B]	49	13
21:49:15.171222	5237312	Start	Calibration[B]	50	1
21:49:15.181223	5237312	Stop	Calibration[B]	50	1
